/*Insert data from table*/

/*table COOK*/
INSERT INTO "COOK" VALUES ('11111111', 'James Oliver', 'FREE');
INSERT INTO "COOK" VALUES ('11111112', 'Auguste Gusteau', 'BUSY');
INSERT INTO "COOK" VALUES ('11111113', 'Alain Ducasse', 'BUSY');
INSERT INTO "COOK" VALUES ('11111114', 'Bobby Flay', 'FREE');
INSERT INTO "COOK" VALUES ('11111115', ' Gordon Ramsay', 'BUSY');

/*table ORDER*/
INSERT INTO "ORDER" VALUES ('00oib9v', 'IN PROGRESS');
INSERT INTO "ORDER" VALUES ('hno9ukj', 'OPEN');
INSERT INTO "ORDER" VALUES ('thvsre0', 'READY');
INSERT INTO "ORDER" VALUES ('1wxyv97', 'OPEN');
INSERT INTO "ORDER" VALUES ('0lm857g', 'CLOSE');
INSERT INTO "ORDER" VALUES ('0tb0875', 'CLOSE');
INSERT INTO "ORDER" VALUES ('123456', 'IN PROGRESS');
INSERT INTO "ORDER" VALUES ('123457', 'OPEN');
INSERT INTO "ORDER" VALUES ('123569', 'READY');
INSERT INTO "ORDER" VALUES ('456789', 'OPEN');
INSERT INTO "ORDER" VALUES ('123458', 'CLOSE');



/*table PIZZA*/
INSERT INTO "PIZZA" VALUES ('111','S','123','OPEN','0tb0875','11111111');
INSERT INTO "PIZZA" VALUES ('112','S','121','OPEN','hno9ukj','11111111');
INSERT INTO "PIZZA" VALUES ('113','M','125','IN PROGRESS','thvsre0','11111112');
INSERT INTO "PIZZA" VALUES ('114','L','124','IN PROGRESS','0lm857g','11111113');
INSERT INTO "PIZZA" VALUES ('115','L','125','IN PROGRESS','00oib9v','11111115');
INSERT INTO "PIZZA" VALUES ('111','S','123','OPEN','123456','11111111');
INSERT INTO "PIZZA" VALUES ('112','S','121','OPEN','123457','11111111');
INSERT INTO "PIZZA" VALUES ('113','M','125','IN PROGRESS','123458','11111112');
INSERT INTO "PIZZA" VALUES ('114','L','124','IN PROGRESS','123569','11111113');
INSERT INTO "PIZZA" VALUES ('115','L','125','IN PROGRESS','456789','11111115');


/*table PIZZA_TYPE*/
INSERT INTO PIZZA_TYPE VALUES ('123','Mexican','300','500','730');
INSERT INTO PIZZA_TYPE VALUES ('121','Pepperoni','320','530','720');
INSERT INTO PIZZA_TYPE VALUES ('122','Margarita','280','450','630');
INSERT INTO PIZZA_TYPE VALUES ('124','Cheese','300','500','730');
INSERT INTO PIZZA_TYPE VALUES ('125','Meat','350','550','750');
